month,all_orders,eligible_orders,late_orders,late_rate
2016-09-01,4,1,1,1.0
2016-10-01,324,265,2,0.007547169811320755
2016-11-01,0,0,0,
2016-12-01,1,1,0,0.0
2017-01-01,800,750,22,0.029333333333333333
2017-02-01,1780,1653,49,0.029643073200241985
2017-03-01,2682,2546,116,0.04556166535742341
2017-04-01,2404,2303,151,0.06556665219279201
2017-05-01,3700,3545,106,0.029901269393511988
2017-06-01,3245,3135,95,0.030303030303030304
2017-07-01,4026,3872,108,0.027892561983471075
2017-08-01,4331,4193,122,0.02909611256856666
2017-09-01,4285,4150,182,0.04385542168674699
2017-10-01,4631,4478,187,0.041759714158106295
2017-11-01,7544,7288,904,0.12403951701427003
2017-12-01,5673,5513,411,0.07455106112824234
2018-01-01,7269,7069,403,0.05700947800254633
2018-02-01,6728,6555,926,0.14126620900076278
2018-03-01,7211,7003,1328,0.18963301442239042
2018-04-01,6939,6798,306,0.04501323918799647
2018-05-01,6873,6749,443,0.06563935397836716
2018-06-01,6167,6096,71,0.011646981627296589
2018-07-01,6292,6156,208,0.03378817413905133
2018-08-01,6512,6351,393,0.061880018894662256
2018-09-01,16,0,0,
2018-10-01,4,0,0,
