check_name,severity,issues
freight_reconciles,error,0
item_value_reconciles,error,0
no_orders,error,0
order_count_reconciles,error,0
payments_reconcile,error,0
unique_order_grain,error,0
carrier_before_purchase,warning,166
customer_before_carrier,warning,23
delivered_but_ineligible,warning,8
delivery_before_purchase,warning,0
estimated_before_purchase_date,warning,0
missing_items,warning,775
missing_payments,warning,1
missing_purchase_timestamp,warning,0
missing_review,warning,768
multiple_reviews_orders,warning,547
null_item_amounts,warning,0
null_payment_amounts,warning,0
payment_item_difference,warning,1076
