customer_state,all_orders,eligible_orders,late_orders,late_rate,ci_low,ci_high
SP,41746,40494,1820,0.044944930113103174,0.042969793196376393,0.047006396337721384
RJ,12852,12350,1495,0.12105263157894737,0.1154173023696593,0.12692363010872204
MG,11635,11354,519,0.04571076272679232,0.04202029551303019,0.04970853012677326
BA,3380,3256,396,0.12162162162162163,0.11083857063265788,0.13329644908348623
RS,5466,5344,325,0.06081586826347305,0.05471823171908369,0.06754445386263869
SC,3637,3546,291,0.08206429780033841,0.07347651191704026,0.0915566214261369
ES,2033,1995,214,0.10726817042606517,0.09443586384607794,0.12161001458766152
PR,5045,4923,199,0.04042250660166565,0.03526977567597687,0.04629190277041672
CE,1336,1279,176,0.1376075058639562,0.11981044580843953,0.1575749289578362
PE,1652,1593,153,0.096045197740113,0.08253232667633936,0.11150162522864157
GO,2020,1957,128,0.06540623403168115,0.055281281636298286,0.07723400033706951
MA,747,717,125,0.17433751743375175,0.1483221929331226,0.2038238382288225
DF,2140,2080,118,0.05673076923076923,0.047582214372165504,0.06751361396231216
PA,975,946,106,0.11205073995771671,0.09349878419432314,0.13374067436613912
AL,413,397,85,0.2141057934508816,0.1765955948410794,0.25709571875744114
MS,715,701,68,0.09700427960057062,0.07724107511339709,0.12116022076762262
PI,495,476,66,0.13865546218487396,0.110492063070478,0.17260448126429365
PB,536,517,54,0.10444874274661509,0.08093871182604347,0.13379353908564307
MT,907,886,53,0.05981941309255079,0.046022403511771025,0.0774169549625654
SE,350,335,51,0.15223880597014924,0.11772717385073077,0.19463560250215522
RN,485,474,44,0.09282700421940929,0.06987638212810811,0.12232430938860862
TO,280,274,27,0.09854014598540146,0.0686086544081462,0.13957287136631466
RO,253,243,7,0.02880658436213992,0.014022572831742262,0.058256447499498674
RR,46,41,5,0.12195121951219512,0.053233364685777176,0.25544211520976884
AM,148,145,4,0.027586206896551724,0.010778902912521017,0.0687786270560562
AC,81,80,3,0.0375,0.012834568919911402,0.10454720090045115
AP,68,67,2,0.029850746268656716,0.008224694838897963,0.10246555563352011
